{
  "version": 1,
  "author": "Anonymous maker",
  "editor": "wokwi",
  "parts": [
    { "type": "board-esp32-devkit-c-v4", "id": "esp", "top": -76.8, "left": 24.04, "attrs": {} },
    {
      "type": "wokwi-lcd1602",
      "id": "lcd1",
      "top": -147.2,
      "left": 216.8,
      "attrs": { "pins": "i2c" }
    },
    {
      "type": "wokwi-pushbutton",
      "id": "btn1",
      "top": 131,
      "left": 192,
      "attrs": { "color": "green", "xray": "1" }
    },
    {
      "type": "wokwi-pushbutton",
      "id": "btn2",
      "top": 179,
      "left": 192,
      "attrs": { "color": "red", "xray": "1" }
    },
    {
      "type": "wokwi-resistor",
      "id": "r1",
      "top": 41.8,
      "left": 123.95,
      "rotate": 270,
      "attrs": { "value": "1000" }
    },
    {
      "type": "wokwi-resistor",
      "id": "r2",
      "top": 41.8,
      "left": 143.15,
      "rotate": 270,
      "attrs": { "value": "1000" }
    }
  ],
  "connections": [
    [ "esp:TX", "$serialMonitor:RX", "", [] ],
    [ "esp:RX", "$serialMonitor:TX", "", [] ],
    [ "lcd1:SDA", "esp:21", "green", [ "v-4.49", "h-28.8", "v23.89" ] ],
    [ "lcd1:GND", "esp:GND.2", "black", [ "h-16.67", "v162.78" ] ],
    [ "lcd1:VCC", "esp:3V3", "red", [ "h-9.6", "v-57.5", "h-134.55" ] ],
    [ "lcd1:SCL", "esp:22", "purple", [ "h-19.2", "v-18.9" ] ],
    [ "btn2:2.r", "esp:GND.3", "green", [ "h38.6", "v-153.4" ] ],
    [ "r2:1", "btn1:1.l", "green", [ "h0", "v48", "h19.2" ] ],
    [ "btn1:1.l", "esp:4", "green", [ "h-57.6", "v-9.6" ] ],
    [ "btn1:2.r", "esp:GND.3", "green", [ "h38.6", "v-19", "h0", "v-144" ] ],
    [ "r1:2", "lcd1:VCC", "green", [ "h0", "v-123.6" ] ],
    [ "r2:2", "lcd1:VCC", "green", [ "h0", "v-123.6", "h48" ] ],
    [ "btn2:1.l", "r1:1", "green", [ "h0" ] ],
    [ "btn2:2.l", "esp:2", "green", [ "h-48", "v-124.6" ] ]
  ],
  "dependencies": {}
}